{"entities":{"pages":{"starter-topic":{"id":"starter-topic","title":"0. Introduction","url":"starter-topic.html","level":0,"tabIndex":0},"Data-visualization":{"id":"Data-visualization","title":"1. Data Visualization","url":"data-visualization.html","level":0,"tabIndex":1},"Open-source":{"id":"Open-source","title":"2. Open Source","url":"open-source.html","level":0,"tabIndex":2},"JSON":{"id":"JSON","title":"3. JSON","url":"json.html","level":0,"tabIndex":3},"Python":{"id":"Python","title":"4. Python","url":"python.html","level":0,"tabIndex":4},"Sources":{"id":"Sources","title":"Sources","url":"sources.html","level":0,"tabIndex":5}}},"topLevelIds":["starter-topic","Data-visualization","Open-source","JSON","Python","Sources"]}